Edad,Altura,Peso,Género,Salario,Comunidad Autónoma
32,175,85,Hombre,32000,Comunidad de Madrid
55,170,92,Hombre,43000,Cataluña
60,166,52,Mujer,36500,Comunidad de Madrid
42,175,66,Hombre,35500,Comunidad de Madrid
25,174,65,Hombre,18000,Andalucía
40,172,61,Hombre,22500,Asturias
35,171,59,Mujer,27000,Cataluña
37,164,50,Mujer,18000,Comunidad de Madrid
39,165,49,Mujer,27500,Comunidad de Madrid
63,176,63,Hombre,47000,Comunidad de Madrid
53,168,56,Mujer,30500,País Vasco
48,174,58,Hombre,26500,Canarias
38,183,81,Hombre,36000,País Vasco
48,185,72,Mujer,33500,Andalucía
62,166,52,Mujer,29000,Cataluña
53,176,71,Hombre,32000,País Vasco
51,168,76,Hombre,41500,Aragón
32,182,72,Hombre,30000,País Vasco
61,173,65,Mujer,31000,Castilla y León
46,178,66,Mujer,27500,Canarias
47,176,68,Hombre,31000,Galicia
50,167,60,Mujer,33000,Cataluña
48,178,60,Mujer,38000,Comunidad de Madrid
43,170,56,Mujer,31000,País Vasco
37,155,48,Mujer,18000,Galicia
43,184,71,Mujer,36000,Comunidad de Madrid
44,186,69,Mujer,21000,Andalucía
40,167,53,Mujer,19000,Castilla-La Mancha
42,186,72,Mujer,30500,Illes Balears
53,167,60,Hombre,38500,Comunidad de Madrid
55,173,63,Hombre,35000,Illes Balears
43,165,57,Hombre,20500,Región de Murcia
33,165,56,Hombre,32500,País Vasco
43,176,60,Mujer,24000,Castilla y León
32,167,58,Hombre,18000,Canarias
39,175,53,Mujer,22000,Andalucía
60,168,66,Mujer,34500,Castilla y León
40,163,51,Hombre,18000,Castilla-La Mancha
40,162,53,Hombre,26500,Cataluña
27,173,60,Mujer,26500,Comunidad de Madrid
44,168,66,Hombre,27000,Comunidad de Madrid
45,173,62,Mujer,24500,Comunitat Valenciana
38,173,66,Hombre,30500,Castilla y León
27,168,50,Hombre,18000,Región de Murcia
47,175,61,Mujer,27000,Comunitat Valenciana
46,177,66,Hombre,34500,Comunidad de Madrid
46,179,63,Mujer,35000,Cataluña
46,187,69,Mujer,26000,Comunitat Valenciana
41,177,57,Mujer,20000,Andalucía
43,165,54,Mujer,23000,Comunitat Valenciana
47,167,66,Mujer,29500,Cataluña
42,168,52,Mujer,27500,Andalucía
37,172,59,Mujer,27500,Región de Murcia
26,177,52,Mujer,19500,Cataluña
54,171,59,Mujer,30000,Canarias
42,172,62,Hombre,26500,Castilla-La Mancha
54,179,71,Hombre,37500,Cataluña
46,166,55,Mujer,27500,País Vasco
32,190,74,Hombre,18000,Comunitat Valenciana
50,183,83,Hombre,40500,País Vasco
40,185,80,Hombre,33000,Cataluña
31,171,69,Hombre,21500,Canarias
49,180,75,Hombre,38000,Andalucía
55,177,73,Hombre,37000,Illes Balears
37,192,79,Hombre,36500,Cataluña
49,161,61,Hombre,25500,Castilla-La Mancha
59,179,74,Hombre,43000,Galicia
39,187,73,Hombre,34500,País Vasco
39,176,71,Hombre,26500,Asturias
44,183,75,Hombre,25500,Andalucía
62,168,59,Mujer,35500,Extremadura
32,170,61,Hombre,21500,Aragón
41,174,72,Hombre,33000,Comunidad de Madrid
34,181,68,Hombre,30000,La Rioja
46,178,67,Hombre,39500,País Vasco
53,175,62,Mujer,36500,País Vasco
46,169,57,Hombre,26500,Comunidad de Madrid
29,168,57,Hombre,29000,Cataluña
45,177,59,Mujer,29500,Cataluña
40,181,67,Hombre,26500,Comunidad de Madrid
39,161,60,Mujer,26500,País Vasco
36,185,69,Mujer,27000,Illes Balears
39,168,63,Hombre,24000,Andalucía
25,186,77,Hombre,26000,Comunidad de Madrid
53,175,71,Hombre,36000,Comunidad de Madrid
48,179,78,Hombre,41000,País Vasco
37,193,77,Hombre,33000,Comunitat Valenciana
39,175,66,Mujer,29500,Navarra
38,180,71,Mujer,21500,Comunitat Valenciana
50,184,73,Mujer,38000,Comunitat Valenciana
47,162,48,Hombre,18000,Comunitat Valenciana
49,191,86,Hombre,44000,Galicia
43,169,64,Hombre,34500,Región de Murcia
38,163,64,Hombre,29000,Galicia
42,165,57,Mujer,23000,Región de Murcia
58,165,56,Hombre,34500,Canarias
44,179,71,Mujer,40500,Comunidad de Madrid
44,165,50,Mujer,18000,Castilla y León
38,186,72,Mujer,27500,Illes Balears
34,172,60,Mujer,30500,País Vasco
31,157,49,Hombre,18000,Castilla y León
49,177,60,Mujer,27000,Cataluña
35,182,65,Hombre,38500,Comunidad de Madrid
45,175,72,Mujer,33500,Comunidad de Madrid
62,170,65,Hombre,38000,Comunidad de Madrid
25,183,71,Hombre,24500,Canarias
37,179,64,Hombre,22000,Comunidad de Madrid
40,182,66,Mujer,29500,Extremadura
65,171,62,Hombre,52000,Comunidad de Madrid
44,180,64,Mujer,18000,Castilla-La Mancha
41,180,70,Hombre,35000,Cataluña
35,179,73,Hombre,25000,Cantabria
60,174,69,Hombre,36000,Comunitat Valenciana
33,169,55,Mujer,24500,País Vasco
25,172,62,Hombre,23000,Galicia
51,185,74,Hombre,35000,Canarias
37,168,61,Hombre,21000,Región de Murcia
47,195,77,Hombre,33000,Comunitat Valenciana
65,174,68,Mujer,39500,La Rioja
44,175,66,Hombre,23500,Región de Murcia
45,155,48,Hombre,27500,Comunidad de Madrid
62,181,75,Hombre,30500,Galicia
25,168,55,Hombre,26000,Cataluña
45,175,66,Hombre,30000,Galicia
52,184,75,Mujer,48000,Comunidad de Madrid
62,163,58,Hombre,36500,Cataluña
25,177,63,Hombre,18000,Canarias
50,183,73,Hombre,35000,Región de Murcia
43,175,65,Mujer,33000,Extremadura
37,174,62,Mujer,24000,Cataluña
52,164,52,Mujer,27500,Galicia
37,188,71,Mujer,33000,Cataluña
45,165,53,Mujer,21500,Castilla-La Mancha
35,174,58,Mujer,27000,Aragón
47,169,64,Hombre,23000,Andalucía
43,172,59,Hombre,33500,Comunidad de Madrid
45,165,67,Hombre,38500,Comunidad de Madrid
28,184,77,Hombre,23500,Castilla-La Mancha
48,155,48,Hombre,28500,Andalucía
47,173,59,Mujer,34500,Aragón
56,183,68,Hombre,33000,Comunitat Valenciana
37,172,65,Hombre,30000,Canarias
25,174,66,Hombre,34500,Comunidad de Madrid
56,176,71,Hombre,38000,Cataluña
39,183,74,Mujer,25000,Castilla-La Mancha
56,181,72,Mujer,35000,La Rioja
34,178,65,Hombre,26500,Castilla y León
27,172,58,Hombre,20000,País Vasco
25,171,57,Mujer,18000,Aragón
48,177,67,Mujer,32500,Extremadura
27,176,67,Hombre,34500,Comunidad de Madrid
35,184,64,Mujer,27000,Comunitat Valenciana
49,169,66,Hombre,45500,Comunidad de Madrid
40,185,70,Mujer,18500,Extremadura
26,169,62,Hombre,31000,País Vasco
31,186,70,Mujer,26000,Extremadura
44,161,52,Mujer,28000,Cataluña
37,181,67,Mujer,24500,Illes Balears
60,177,63,Mujer,34000,Comunitat Valenciana
43,176,70,Hombre,36000,Comunidad de Madrid
44,166,53,Mujer,23500,Andalucía
40,180,61,Hombre,34000,Castilla y León
54,179,70,Mujer,35500,Castilla y León
37,179,62,Mujer,26500,Illes Balears
31,178,64,Mujer,22000,Andalucía
38,172,64,Mujer,25500,Castilla-La Mancha
47,171,59,Hombre,27500,Región de Murcia
36,164,59,Hombre,20000,Aragón
42,178,64,Hombre,31000,Galicia
50,169,55,Mujer,28500,Castilla-La Mancha
63,157,51,Mujer,28500,Cataluña
36,174,64,Mujer,29000,Comunidad de Madrid
56,173,60,Mujer,33500,Extremadura
26,159,48,Hombre,18000,Comunidad de Madrid
52,164,56,Hombre,27000,Canarias
45,182,67,Hombre,30000,Comunidad de Madrid
33,178,73,Hombre,30500,Cataluña
59,175,64,Hombre,44000,Comunidad de Madrid
33,175,57,Mujer,25500,Cataluña
54,170,62,Mujer,33000,Aragón
60,169,67,Hombre,36000,Aragón
65,178,74,Hombre,38000,Galicia
54,163,53,Hombre,25000,Castilla-La Mancha
37,180,64,Hombre,27000,Extremadura
46,180,68,Mujer,23500,Galicia
61,173,58,Mujer,35500,Andalucía
41,167,48,Mujer,26000,País Vasco
54,172,68,Hombre,36500,Castilla y León
53,178,62,Mujer,35000,País Vasco
50,175,65,Hombre,37000,Castilla y León
26,179,58,Hombre,18000,Aragón
49,173,64,Mujer,30500,Castilla y León
51,169,60,Hombre,31000,Canarias
46,189,72,Hombre,30000,Andalucía
27,181,71,Hombre,18000,Castilla-La Mancha
50,166,58,Hombre,31000,Región de Murcia
38,180,63,Hombre,27000,Comunidad de Madrid
31,170,68,Hombre,34500,Comunidad de Madrid
49,158,55,Hombre,25500,Comunidad de Madrid
41,181,60,Mujer,24500,Aragón
